node,node_bef_goal,path,path_len,time
10,10,L,1,0.000999927520752
11,11,R,1,0.0
12,0,,0,0.000999927520752
20,10,UL,2,0.0
21,21,R,1,0.00100016593933
22,11,UR,2,0.0
